wavelength,flux
1150.0,1.4101945305933228e-11
1155.0,1.9948291282712027e-11
1160.0,1.5475908748951994e-11
1165.0,3.0887068076801416e-12
1170.0,1.6182416734747407e-13
1175.0,5.696453508549637e-13
1180.0,3.783448814659307e-12
1185.0,2.835569452852571e-12
1190.0,3.768658833353672e-13
1195.0,4.445916562418467e-13
1200.0,4.214296012855501e-12
1205.0,1.63751946030688e-11
1210.0,5.279719023087992e-11
1215.0,8.342723040177802e-11
1220.0,5.569779013003817e-11
1225.0,1.471224184146358e-11
1230.0,2.3709649694947377e-12
1235.0,1.328163815907113e-12
1240.0,1.1581648183892068e-12
1245.0,8.104906177620885e-13
1250.0,6.300798641514782e-13
1255.0,6.242728773156458e-13
1260.0,5.347769210968523e-13
1265.0,7.575267046673953e-14
1270.0,3.726739647132507e-14
1275.0,3.6088767065879657e-13
1280.0,9.894934264315092e-13
1285.0,9.198969710966232e-13
1290.0,2.9974408914147654e-13
1295.0,2.4736904690424166e-13
1300.0,4.779553489098198e-13
1305.0,1.3256954670311238e-13
1310.0,4.612997809259889e-13
1315.0,8.588941190212918e-13
1320.0,7.150270501556089e-13
1325.0,5.138005906152321e-13
1330.0,6.514990370104501e-13
1335.0,5.556861936741042e-13
1340.0,2.346886248706659e-13
1345.0,8.333014589771356e-14
1350.0,2.8544460089867385e-13
1355.0,5.348052187735541e-13
1360.0,6.60614900456491e-13
1365.0,7.695144434854972e-13
1370.0,5.67199444963945e-13
1375.0,7.625773385151746e-13
1380.0,9.59776962766723e-13
1385.0,8.240217861353594e-13
1390.0,3.8834666277014207e-13
1395.0,7.1698305929499e-13
1400.0,1.0614313247780949e-12
1405.0,1.3504586988608014e-12
1410.0,1.1068021499305303e-12
1415.0,3.761200606609144e-13
1420.0,9.604215887209014e-14
1425.0,4.73055242981163e-13
1430.0,8.982671377555373e-13
1435.0,8.235631144062894e-13
1440.0,1.3448647577518624e-12
1445.0,2.3426067943116413e-12
1450.0,1.9803264930673414e-12
1455.0,1.0599918295536859e-12
1460.0,5.530483839985556e-13
1465.0,6.933910910722485e-13
1470.0,1.1474492146376636e-12
1475.0,1.3563649986156334e-12
1480.0,1.331676630945966e-12
1485.0,1.051935990571684e-12
1490.0,1.0693545658344017e-12
1495.0,1.1734416606803966e-12
1500.0,1.1724608913951662e-12
1505.0,1.1312679308941864e-12
1510.0,1.1158941609287765e-12
1515.0,1.094573325206849e-12
1520.0,1.0131116865569334e-12
1525.0,1.0653137443375482e-12
1530.0,1.2772688722656467e-12
1535.0,1.5289272669097298e-12
1540.0,1.7686337420649845e-12
1545.0,2.4036868415816537e-12
1550.0,2.3250702578525573e-12
1555.0,1.5964124553541348e-12
1560.0,1.7729584076905947e-12
1565.0,1.8855175667326085e-12
1570.0,1.9317958691034143e-12
1575.0,2.1244382121532457e-12
1580.0,1.76530263931024e-12
1585.0,1.6917595796472895e-12
1590.0,1.6933765587673344e-12
1595.0,1.282198631123721e-12
1600.0,1.1128602379895103e-12
1605.0,1.4931876264959176e-12
1610.0,1.4248068870570396e-12
1615.0,8.964778247001759e-13
1620.0,7.434152035287744e-13
1625.0,1.0787020148644855e-12
1630.0,1.605596081435956e-12
1635.0,1.7789155565273163e-12
1640.0,1.296388560736994e-12
1645.0,1.5381133866565477e-12
1650.0,1.853403932064457e-12
1655.0,1.8141574397237403e-12
1660.0,2.369749362018947e-12
1665.0,2.4892637864176725e-12
1670.0,2.1201074749954696e-12
1675.0,1.820857917569918e-12
1680.0,2.3081105169492355e-12
1685.0,2.3535225417842254e-12
1690.0,2.3092931646789827e-12
1695.0,2.5901661458022085e-12
1700.0,2.8922595655261896e-12
1705.0,2.4971871358941966e-12
1710.0,2.1398280283108084e-12
1715.0,2.2990381300103113e-12
1720.0,2.687935377748696e-12
1725.0,2.9562101464680746e-12
1730.0,3.0187512645857284e-12
1735.0,3.399999249156793e-12
1740.0,3.667610052465742e-12
1745.0,4.195404440521244e-12
1750.0,4.262984062974873e-12
1755.0,4.1313688581290364e-12
1760.0,4.4603582979863e-12
1765.0,5.0624218358996664e-12
1770.0,5.476716736368958e-12
1775.0,6.1119468861003945e-12
1780.0,5.5957838189513165e-12
1785.0,4.85854065312985e-12
1790.0,3.7570901251227085e-12
1795.0,4.163647725208275e-12
1800.0,5.230197351602239e-12
1805.0,5.927253913379227e-12
1810.0,6.805989365837872e-12
1815.0,7.544216987231955e-12
1820.0,8.022786428252271e-12
1825.0,7.795318210379598e-12
1830.0,7.749358446607069e-12
1835.0,7.893276310344532e-12
1840.0,7.739075005841478e-12
1845.0,7.26333533249135e-12
1850.0,7.2420259893124506e-12
1855.0,7.857609528316711e-12
1860.0,8.815509086601558e-12
1865.0,9.469477285639627e-12
1870.0,9.989987136138634e-12
1875.0,1.0361599599162385e-11
1880.0,1.0768695830887243e-11
1885.0,1.1386207081354183e-11
1890.0,1.1872659105849337e-11
1895.0,1.1844499339663805e-11
1900.0,1.1016114236095387e-11
1905.0,1.1207913069855024e-11
1910.0,1.2154108448847456e-11
1915.0,1.2747067290597158e-11
1920.0,1.3429415565702207e-11
1925.0,1.3019569797267927e-11
1930.0,1.219840634753e-11
1935.0,1.1892700366167297e-11
1940.0,1.3372918224174857e-11
1945.0,1.6314137540884843e-11
1950.0,1.97577301741525e-11
1955.0,3.1258762939190277e-11
1960.0,3.3601774140912255e-11
1965.0,1.801338418705445e-11
1970.0,3.0188345313125753e-12
1975.0,1.6041185307152928e-12
1980.0,1.56398331785379e-11
1985.0,4.946142106998508e-11
1990.0,5.329338359505442e-11
1995.0,3.5158948669122836e-11
2000.0,2.5113147672506386e-11
2005.0,3.4951490486545556e-12
2010.0,3.1767673886427816e-13
2015.0,1.9013332575035236e-12
2020.0,3.1610453729395693e-13
2025.0,0.0
2030.0,0.0
2035.0,0.0
2040.0,1.5474855554961642e-13
2045.0,3.3350188929914815e-12
2050.0,1.7552568773449018e-11
2055.0,2.472146098941863e-11
2060.0,3.197438841473499e-11
2065.0,1.9389979205586272e-11
2070.0,1.873088142922974e-11
2075.0,4.328728347990918e-11
2080.0,6.717781192433492e-11
2085.0,5.71853432662639e-11
2090.0,4.4179531560883945e-11
2095.0,3.9150911679275424e-11
2100.0,7.698690296376043e-11
2105.0,1.0995023641546808e-10
2110.0,1.1266131777487587e-10
2115.0,9.903295544733126e-11
2120.0,1.052311293658903e-10
2125.0,9.713443244185882e-11
2130.0,5.118842849594074e-11
2135.0,8.524163319645339e-11
2140.0,1.0381275006299262e-10
2145.0,1.1219161710762648e-10
2150.0,1.1790893261753865e-10
2155.0,1.0545331968758731e-10
2160.0,8.906331921965105e-11
2165.0,3.7492443177855606e-11
2170.0,9.836082469349972e-12
2175.0,4.78189224328851e-11
2180.0,1.0706985298369887e-10
2185.0,1.1790497744801343e-10
2190.0,9.160240621586269e-11
2195.0,7.84336831594068e-11
2200.0,1.0174251718897409e-10
2205.0,1.0342763451243187e-10
2210.0,1.1634711943875331e-10
2215.0,7.384808042854019e-11
2220.0,8.713745003330331e-11
2225.0,9.324171296176686e-11
2230.0,7.522615169675007e-11
2235.0,9.61713139679965e-11
2240.0,1.2087557343942734e-10
2245.0,1.1570767954882655e-10
2250.0,8.155089797901027e-11
2255.0,1.1992926096660028e-10
2260.0,1.2195677800974636e-10
2265.0,8.026851405773527e-11
2270.0,5.949443021568968e-11
2275.0,5.942934339087103e-11
2280.0,6.107888500528347e-11
2285.0,5.524450688576543e-11
2290.0,8.120298183866836e-11
2295.0,9.24637449939425e-11
2300.0,9.532518524535405e-11
2305.0,9.095230124600562e-11
2310.0,9.787801819038933e-11
2315.0,8.584070954054113e-11
2320.0,1.1330136828746618e-10
2325.0,1.4915008117455386e-10
2330.0,1.2500783741486998e-10
2335.0,9.986511617654514e-11
2340.0,1.0484051821135765e-10
2345.0,9.335619777228743e-11
2350.0,9.232561937189132e-11
2355.0,1.0185820242814003e-10
2360.0,1.1169967728541508e-10
2365.0,1.0953957879644705e-10
2370.0,1.1821582601712066e-10
2375.0,1.100305263568302e-10
2380.0,1.0331353134107601e-10
2385.0,9.407245815662435e-11
2390.0,1.0199643213359977e-10
2395.0,9.938433409573122e-11
2400.0,8.793010763952225e-11
2405.0,8.541298918141038e-11
2410.0,9.11890077337496e-11
2415.0,1.0627169977350803e-10
2420.0,1.445654568277277e-10
2425.0,1.768016427705632e-10
2430.0,1.9370258175221977e-10
2435.0,1.9522135297211918e-10
2440.0,1.9029139375348336e-10
2445.0,1.592669884864506e-10
2450.0,1.0180085247002424e-10
2455.0,7.66062629997677e-11
2460.0,9.955267860073391e-11
2465.0,1.1540287475630961e-10
2470.0,1.1387772669291252e-10
2475.0,1.1544310646316447e-10
2480.0,1.1715899084219217e-10
2485.0,9.807276518669639e-11
2490.0,8.32993396482351e-11
2495.0,1.197307530897973e-10
2500.0,1.6498095944950109e-10
2505.0,1.6983642270318455e-10
2510.0,1.4888354438191698e-10
2515.0,1.169938868006426e-10
2520.0,9.783848731181877e-11
2525.0,9.628296077091036e-11
2530.0,1.1599395055572614e-10
2535.0,1.2777409685860164e-10
2540.0,1.2825716877440385e-10
2545.0,1.3772119555888196e-10
2550.0,1.5549116161306387e-10
2555.0,1.810458727380393e-10
2560.0,1.9427351394263326e-10
2565.0,2.2537999244676143e-10
2570.0,2.669598708759935e-10
2575.0,2.8639576821198887e-10
2580.0,3.046662366834596e-10
2585.0,2.92230933895965e-10
2590.0,2.705017321247283e-10
2595.0,2.306751456515599e-10
2600.0,2.0843207715337542e-10
2605.0,1.997821214017037e-10
2610.0,1.9442954191095652e-10
2615.0,2.1430406060840568e-10
2620.0,2.4290011668703926e-10
2625.0,2.359505091309444e-10
2630.0,2.6657884233394213e-10
2635.0,4.167840239599485e-10
2640.0,5.511578970995856e-10
2645.0,5.589976259656737e-10
2650.0,5.434206418186704e-10
2655.0,5.932138669173526e-10
2660.0,5.868521224527967e-10
2665.0,5.558261628735295e-10
2670.0,5.690818372094952e-10
2675.0,5.581718975911087e-10
2680.0,5.553323911833274e-10
2685.0,5.508385969577034e-10
2690.0,5.190494145601576e-10
2695.0,5.057723129198166e-10
2700.0,5.478988374107985e-10
2705.0,5.752737730624347e-10
2710.0,5.522961532555826e-10
2715.0,5.073532705068828e-10
2720.0,4.2328335281283103e-10
2725.0,4.4101144958119676e-10
2730.0,4.6115683494107884e-10
2735.0,4.026025901548991e-10
2740.0,3.1759994634228406e-10
2745.0,2.8611979452364267e-10
2750.0,3.14493459052656e-10
2755.0,3.5702479861399183e-10
2760.0,4.277916354489264e-10
2765.0,5.029094918285182e-10
2770.0,5.356324828120762e-10
2775.0,4.787563123720417e-10
2780.0,4.0027892111993424e-10
2785.0,3.355100919311127e-10
2790.0,2.374794250137313e-10
2795.0,1.7134166307997134e-10
2800.0,1.7006317187817643e-10
2805.0,2.162840601060978e-10
2810.0,3.1112390441734306e-10
2815.0,4.684922449982309e-10
2820.0,5.749210552075112e-10
2825.0,6.239572747368527e-10
2830.0,6.595755608351794e-10
2835.0,6.563606880227724e-10
2840.0,6.104275418472582e-10
2845.0,4.974103906540961e-10
2850.0,3.664349379484122e-10
2855.0,4.207762471786225e-10
2860.0,6.141450681340643e-10
2865.0,7.039320792934234e-10
2870.0,6.998892021492509e-10
2875.0,6.840736865854069e-10
2880.0,6.477259839599014e-10
2885.0,7.381930067218434e-10
2890.0,8.090446090847081e-10
2895.0,8.396756623341162e-10
2900.0,8.981199672852824e-10
2905.0,9.3304353132595e-10
2910.0,9.655403143682406e-10
2915.0,9.848143411872456e-10
2920.0,9.54947898534897e-10
2925.0,9.178749427185551e-10
2930.0,9.262998146297718e-10
2935.0,9.521077259933008e-10
2940.0,9.69298974418109e-10
2945.0,9.850780191555941e-10
2950.0,9.92542270594754e-10
2955.0,1.0225083002524116e-09
2960.0,1.0153131668744209e-09
2965.0,9.492842067970741e-10
2970.0,9.655983790324285e-10
2975.0,1.0161631536220739e-09
2980.0,9.563816405488978e-10
2985.0,9.087152141873389e-10
2990.0,9.68875757401122e-10
2995.0,9.740271922353827e-10
3000.0,9.133054312826516e-10
3005.0,9.410308088320107e-10
3010.0,1.0061236288549935e-09
3015.0,9.902367814618174e-10
3020.0,9.922754840019365e-10
3025.0,1.0980770737134549e-09
3030.0,1.2040266561541557e-09
3035.0,1.2124419246362095e-09
3040.0,1.1871739147295557e-09
3045.0,1.2116087022562283e-09
3050.0,1.2183716258107324e-09
3055.0,1.1515904896342022e-09
3060.0,1.1418943568486384e-09
3065.0,1.2056926568249082e-09
3070.0,1.2858092368617235e-09
3075.0,1.3097170015186066e-09
3080.0,1.3485850214323136e-09
3085.0,1.3754704042412413e-09
3090.0,1.2078565925222051e-09
3095.0,1.1086330742315909e-09
3100.0,1.1717394832189143e-09
3105.0,1.3532576170760535e-09
3110.0,1.4450878271787815e-09
3115.0,1.3835684820051597e-09
3120.0,1.27115873382877e-09
3125.0,1.2822480854879359e-09
3130.0,1.4021834804367472e-09
3135.0,1.4118708424604165e-09
3140.0,1.3127385845024264e-09
3145.0,1.2094721890676396e-09
3150.0,1.185598619279915e-09
3155.0,1.1436614988369342e-09
3160.0,1.2001448723708563e-09
3165.0,1.2865867260458685e-09
3170.0,1.3740073523393903e-09
3175.0,1.3621528349716527e-09
3180.0,1.2655664294314306e-09
3185.0,1.2283154493530901e-09
3190.0,1.2369718582760925e-09
3195.0,1.3217611449789501e-09
3200.0,1.5261092389806663e-09
3205.0,1.4830353611827718e-09
3210.0,1.4324881281169155e-09
3215.0,1.383541170518754e-09
3220.0,1.3225157635687879e-09
3225.0,1.2540747329481405e-09
3230.0,1.2268952520599896e-09
3235.0,1.2731254939168934e-09
3240.0,1.3393596232091909e-09
3245.0,1.3780864227541656e-09
3250.0,1.4407560700036015e-09
3255.0,1.577279973297152e-09
3260.0,1.7328588564069491e-09
3265.0,1.8285593039735204e-09
3270.0,1.8316447247812562e-09
3275.0,1.7547165942488618e-09
3280.0,1.679396621767637e-09
3285.0,1.685015460495265e-09
3290.0,1.7752797010217591e-09
3295.0,1.901362178813315e-09
3300.0,1.957590090029271e-09
3305.0,1.8813537394635205e-09
3310.0,1.7744304914302234e-09
3315.0,1.7471170066230002e-09
3320.0,1.7686910824821211e-09
3325.0,1.7752539438475878e-09
3330.0,1.7612156177904126e-09
3335.0,1.7488350767536076e-09
3340.0,1.7685810593803808e-09
3345.0,1.8248497157813404e-09
3350.0,1.8499994869358716e-09
3355.0,1.7878303282259367e-09
3360.0,1.6838207494984658e-09
3365.0,1.6096691757283565e-09
3370.0,1.6009873426980903e-09
3375.0,1.6553499682103734e-09
3380.0,1.7121216666637906e-09
3385.0,1.7303838362181523e-09
3390.0,1.7729869794536057e-09
3395.0,1.8855716987786764e-09
3400.0,1.9680372886909936e-09
3405.0,1.926869552804078e-09
3410.0,1.8330934548060895e-09
3415.0,1.792828996372009e-09
3420.0,1.8330623685614e-09
3425.0,1.914089331478408e-09
3430.0,1.9111612292732616e-09
3435.0,1.7560458642762455e-09
3440.0,1.6052814633127355e-09
3445.0,1.6121479706754371e-09
3450.0,1.6983355832778102e-09
3455.0,1.7434423904560958e-09
3460.0,1.7519101724872144e-09
3465.0,1.7609134150831096e-09
3470.0,1.7627954651544542e-09
3475.0,1.7405688002014585e-09
3480.0,1.703018948084889e-09
3485.0,1.6791074086697222e-09
3490.0,1.7198094059978075e-09
3495.0,1.8387971145727988e-09
3500.0,1.9342554224976993e-09
3505.0,1.922379144758679e-09
3510.0,1.882265010522133e-09
3515.0,1.8577496208038724e-09
3520.0,1.8196167905770722e-09
3525.0,1.808004079784098e-09
3530.0,1.908956326346356e-09
3535.0,2.0443426951288757e-09
3540.0,2.12905293395238e-09
3545.0,2.151243405634773e-09
3550.0,2.1163073515850783e-09
3555.0,2.0503492237367027e-09
3560.0,1.963699425289178e-09
3565.0,1.8009695956777705e-09
3570.0,1.6642363043217756e-09
3575.0,1.602701638070414e-09
3580.0,1.509715130687539e-09
3585.0,1.524733006519341e-09
3590.0,1.7208968694504279e-09
3595.0,1.9558905606231747e-09
3600.0,2.0406463185906887e-09
3605.0,1.928661896855033e-09
3610.0,1.7874454139032991e-09
3615.0,1.7776264904512118e-09
3620.0,1.8551292724211521e-09
3625.0,1.9902004488869807e-09
3630.0,2.0104395925812923e-09
3635.0,2.0180896953547744e-09
3640.0,2.0537977984957934e-09
3645.0,2.0150745516644974e-09
3650.0,2.0808410550188228e-09
3655.0,2.3116570879722076e-09
3660.0,2.4657946795514363e-09
3665.0,2.462442250106278e-09
3670.0,2.3928532488781684e-09
3675.0,2.3229511647571144e-09
3680.0,2.2303070501550337e-09
3685.0,2.214611605211303e-09
3690.0,2.2907860053322793e-09
3695.0,2.3964457085412505e-09
3700.0,2.4070072601745096e-09
3705.0,2.288405021033668e-09
3710.0,2.2760913154229456e-09
3715.0,2.287877887141576e-09
3720.0,2.112384489549868e-09
3725.0,2.0698178726519245e-09
3730.0,1.9850920907060754e-09
3735.0,1.822990536304303e-09
3740.0,1.8430263981628059e-09
3745.0,1.8314744165692787e-09
3750.0,1.895734680346095e-09
3755.0,2.1034873842751267e-09
3760.0,2.151590239307666e-09
3765.0,2.209034066780191e-09
3770.0,2.354605843635227e-09
3775.0,2.6014908005578263e-09
3780.0,2.7410220759804815e-09
3785.0,2.5997999308913222e-09
3790.0,2.333291782008473e-09
3795.0,2.1882737843981204e-09
3800.0,2.2762867146752797e-09
3805.0,2.4614406068934613e-09
3810.0,2.43478859296431e-09
3815.0,2.1469233058013515e-09
3820.0,1.8402289692076579e-09
3825.0,1.5861704172337454e-09
3830.0,1.4335238551765883e-09
3835.0,1.4376775325786184e-09
3840.0,1.6663354029944344e-09
3845.0,2.0376875742300626e-09
3850.0,2.2050519188354656e-09
3855.0,2.1211588041580853e-09
3860.0,2.042007674063484e-09
3865.0,2.121665731991129e-09
3870.0,2.130808862688127e-09
3875.0,2.099200813177049e-09
3880.0,2.0698363023541333e-09
3885.0,2.0490260599359544e-09
3890.0,2.1412656092678617e-09
3895.0,2.3202144650014134e-09
3900.0,2.413193866956931e-09
3905.0,2.4858362035473647e-09
3910.0,2.624689354746579e-09
3915.0,2.60229393589384e-09
3920.0,2.3097856960418994e-09
3925.0,1.8039275628822793e-09
3930.0,1.2918143221796186e-09
3935.0,1.2406980998136419e-09
3940.0,1.677584071657634e-09
3945.0,2.1741224376370383e-09
3950.0,2.515776253986246e-09
3955.0,2.5038142670297248e-09
3960.0,2.095225548615076e-09
3965.0,1.5351496740478865e-09
3970.0,1.4461114528074859e-09
3975.0,2.048843761315311e-09
3980.0,2.720377034748367e-09
3985.0,3.0588001020959155e-09
3990.0,3.1847344761359864e-09
3995.0,3.237645707088177e-09
4000.0,3.276453997003159e-09
4005.0,3.3043809910537902e-09
4010.0,3.3871214721870047e-09
4015.0,3.468073384027548e-09
4020.0,3.4980311980348233e-09
4025.0,3.4593692355144867e-09
4030.0,3.389765357297847e-09
4035.0,3.4141107718710373e-09
4040.0,3.434222461962122e-09
4045.0,3.3380289643503147e-09
4050.0,3.341952270474735e-09
4055.0,3.2993443532802758e-09
4060.0,3.2273519412484575e-09
4065.0,3.219578381674637e-09
4070.0,3.265261616647308e-09
4075.0,3.293716188679241e-09
4080.0,3.3837130875014054e-09
4085.0,3.5458855851544513e-09
4090.0,3.5732192760207226e-09
4095.0,3.341102505771687e-09
4100.0,3.0948905660466153e-09
4105.0,3.2102678293455256e-09
4110.0,3.4900611289856442e-09
4115.0,3.6312335360833004e-09
4120.0,3.6201057707074824e-09
4125.0,3.5354053018465947e-09
4130.0,3.463849873597269e-09
4135.0,3.497972578259123e-09
4140.0,3.5509464257899026e-09
4145.0,3.5297103018194775e-09
4150.0,3.521753111357384e-09
4155.0,3.5315206314834313e-09
4160.0,3.5890928007376033e-09
4165.0,3.5787135477249876e-09
4170.0,3.4750500255142924e-09
4175.0,3.3968068358092296e-09
4180.0,3.404674764340143e-09
4185.0,3.4124698622406413e-09
4190.0,3.4186238284661385e-09
4195.0,3.3664844245606673e-09
4200.0,3.333961995366508e-09
4205.0,3.468624498736972e-09
4210.0,3.6038532158499947e-09
4215.0,3.587629970880357e-09
4220.0,3.440149054512176e-09
4225.0,3.237497159247482e-09
4230.0,3.254184255396808e-09
4235.0,3.3446012626114907e-09
4240.0,3.4017924033236113e-09
4245.0,3.3776383911998664e-09
4250.0,3.3057756532173244e-09
4255.0,3.293914474511439e-09
4260.0,3.3117368847257467e-09
4265.0,3.2842997210735803e-09
4270.0,3.1566351754719335e-09
4275.0,3.1670492894875224e-09
4280.0,3.247700774977602e-09
4285.0,3.19926685143912e-09
4290.0,3.0537388173712543e-09
4295.0,2.8349129710392162e-09
4300.0,2.5423565475080068e-09
4305.0,2.401983056898871e-09
4310.0,2.570617940733655e-09
4315.0,3.0930769057135876e-09
4320.0,3.461598341303329e-09
4325.0,3.467027553938351e-09
4330.0,3.47215456386607e-09
4335.0,3.3254354825373866e-09
4340.0,3.1453293303229657e-09
4345.0,3.2774785108102833e-09
4350.0,3.465605802333016e-09
4355.0,3.5769722739331655e-09
4360.0,3.6741591991074074e-09
4365.0,3.7089988857985645e-09
4370.0,3.6274445669448596e-09
4375.0,3.4928651082566375e-09
4380.0,3.3481257766254657e-09
4385.0,3.2516056513998137e-09
4390.0,3.3722182823936464e-09
4395.0,3.5122860175818005e-09
4400.0,3.5543714638208712e-09
4405.0,3.5697631517450645e-09
4410.0,3.6837992656302276e-09
4415.0,3.770860068641468e-09
4420.0,3.8455332251885466e-09
4425.0,3.866416520281746e-09
4430.0,3.845444851435786e-09
4435.0,3.815209925761565e-09
4440.0,3.850106011782373e-09
4445.0,3.895565203748674e-09
4450.0,3.86815068864621e-09
4455.0,3.7172247502326172e-09
4460.0,3.671199122479152e-09
4465.0,3.786087887647227e-09
4470.0,3.9433478704609115e-09
4475.0,4.022201682829518e-09
4480.0,3.995801023393142e-09
4485.0,3.982696838988886e-09
4490.0,3.990338282022776e-09
4495.0,4.037248757526868e-09
4500.0,4.1338323875095284e-09
4505.0,4.217306504017415e-09
4510.0,4.220277904920522e-09
4515.0,4.136193165749091e-09
4520.0,4.035562994886277e-09
4525.0,3.845940010904769e-09
4530.0,3.7401157726435486e-09
4535.0,3.851027940982021e-09
4540.0,3.979977680756974e-09
4545.0,3.951880156449761e-09
4550.0,3.902936196453766e-09
4555.0,3.985427987629464e-09
4560.0,4.083089422124431e-09
4565.0,4.098778205730014e-09
4570.0,4.110925821976252e-09
4575.0,4.082200355526311e-09
4580.0,4.006641241005582e-09
4585.0,3.993815056446692e-09
4590.0,4.001400988329351e-09
4595.0,3.979196083747638e-09
4600.0,3.977030704760409e-09
4605.0,4.038376744119887e-09
4610.0,4.0851277915976425e-09
4615.0,4.0896979136562095e-09
4620.0,4.1160403974060955e-09
4625.0,4.1233265690721055e-09
4630.0,4.099216521780136e-09
4635.0,4.03463618070532e-09
4640.0,3.986159402558087e-09
4645.0,3.9250998007389626e-09
4650.0,3.918478430620098e-09
4655.0,3.9908614191119796e-09
4660.0,4.022204347364777e-09
4665.0,3.899153000475053e-09
4670.0,3.862684838651376e-09
4675.0,3.917645763351629e-09
4680.0,3.95413346510054e-09
4685.0,3.9800895912378564e-09
4690.0,3.9788750072489165e-09
4695.0,3.939664150465205e-09
4700.0,3.8430245652421036e-09
4705.0,3.8152219161702305e-09
4710.0,3.876728271734464e-09
4715.0,3.991973418493444e-09
4720.0,4.070364933994597e-09
4725.0,4.012132848174588e-09
4730.0,3.91397181331854e-09
4735.0,3.935107351082934e-09
4740.0,4.011353027522091e-09
4745.0,4.067649328476364e-09
4750.0,4.051744273425584e-09
4755.0,3.9934708873090585e-09
4760.0,3.955471061800608e-09
4765.0,3.933900316610561e-09
4770.0,4.0039114246326335e-09
4775.0,4.090175753646008e-09
4780.0,4.100202399826003e-09
4785.0,4.041475154537011e-09
4790.0,4.028554823065633e-09
4795.0,4.079160564884887e-09
4800.0,4.0887115915211325e-09
4805.0,4.054589552993093e-09
4810.0,4.040912493508131e-09
4815.0,4.0868606276944774e-09
4820.0,4.091477379120079e-09
4825.0,4.043811063780822e-09
4830.0,4.014921728412446e-09
4835.0,3.9864160861213804e-09
4840.0,3.95777766115657e-09
4845.0,3.965009653938978e-09
4850.0,3.8662957280166665e-09
4855.0,3.5403491249752506e-09
4860.0,3.2255536019931697e-09
4865.0,3.343607613004451e-09
4870.0,3.588528363351884e-09
4875.0,3.768295453454584e-09
4880.0,3.857124397654843e-09
4885.0,3.795186387378635e-09
4890.0,3.774626833319417e-09
4895.0,3.918659619017717e-09
4900.0,4.022691513227983e-09
4905.0,4.015810350921356e-09
4910.0,3.922320690463721e-09
4915.0,3.791267744190918e-09
4920.0,3.672262272047533e-09
4925.0,3.800120218500069e-09
4930.0,3.942415283120226e-09
4935.0,3.899070843971231e-09
4940.0,3.883218191447213e-09
4945.0,3.989222729927633e-09
4950.0,4.019225396945103e-09
4955.0,3.917996149738201e-09
4960.0,3.8829917059501895e-09
4965.0,3.944068183159288e-09
4970.0,3.951618587905159e-09
4975.0,3.904851553215849e-09
4980.0,3.783050317451853e-09
4985.0,3.7665799368369335e-09
4990.0,3.865341380304699e-09
4995.0,3.874939924486398e-09
5000.0,3.801190917585018e-09
5005.0,3.7055982726741377e-09
5010.0,3.6674323578012036e-09
5015.0,3.6263605451836156e-09
5020.0,3.6518179591382705e-09
5025.0,3.752103072685031e-09
5030.0,3.818368732311228e-09
5035.0,3.7652916340391585e-09
5040.0,3.678940263540653e-09
5045.0,3.725980857183231e-09
5050.0,3.793206193591914e-09
5055.0,3.8586338568791234e-09
5060.0,3.898647626954244e-09
5065.0,3.839921269843671e-09
5070.0,3.7779561701256625e-09
5075.0,3.7160219346077383e-09
5080.0,3.6864913344203387e-09
5085.0,3.769596190750235e-09
5090.0,3.8469583074629554e-09
5095.0,3.793668046370158e-09
5100.0,3.734884845840725e-09
5105.0,3.73406816578381e-09
5110.0,3.769273337894674e-09
5115.0,3.8275937974674434e-09
5120.0,3.791049696388882e-09
5125.0,3.7034180166983788e-09
5130.0,3.6760421373571717e-09
5135.0,3.6491882848821433e-09
5140.0,3.5981917445582212e-09
5145.0,3.6190359598009536e-09
5150.0,3.678460647194015e-09
5155.0,3.711974505549165e-09
5160.0,3.604075038410315e-09
5165.0,3.2502731617256586e-09
5170.0,3.0423374930421687e-09
5175.0,3.200051557072925e-09
5180.0,3.295771877631637e-09
5185.0,3.31614047333062e-09
5190.0,3.4584575203666645e-09
5195.0,3.571082984876739e-09
5200.0,3.6335876529847155e-09
5205.0,3.596512421211173e-09
5210.0,3.608665588572535e-09
5215.0,3.680528548599682e-09
5220.0,3.6914613588123757e-09
5225.0,3.5920364460650944e-09
5230.0,3.5592784275451095e-09
5235.0,3.6719731699719205e-09
5240.0,3.797324232834853e-09
5245.0,3.794693004266492e-09
5250.0,3.7423375509604284e-09
5255.0,3.726911668167077e-09
5260.0,3.6174421236268017e-09
5265.0,3.3820843903242803e-09
5270.0,3.3398810383999944e-09
5275.0,3.5053882019298044e-09
5280.0,3.6540592773803837e-09
5285.0,3.7695833121631495e-09
5290.0,3.828922956472525e-09
5295.0,3.757008482097035e-09
5300.0,3.707999240987192e-09
5305.0,3.799752068545104e-09
5310.0,3.875785914431162e-09
5315.0,3.843532603298172e-09
5320.0,3.723883645889714e-09
5325.0,3.5727538705287998e-09
5330.0,3.5779796903057104e-09
5335.0,3.6727454411078497e-09
5340.0,3.686001504021874e-09
5345.0,3.705852513746777e-09
5350.0,3.760749933690022e-09
5355.0,3.834466966168293e-09
5360.0,3.8140490765670165e-09
5365.0,3.6860265950622306e-09
5370.0,3.623800148844225e-09
5375.0,3.69340291683784e-09
5380.0,3.757212319044356e-09
5385.0,3.752132826662091e-09
5390.0,3.6982215068093183e-09
5395.0,3.6291778471309044e-09
5400.0,3.5784419871731643e-09
5405.0,3.5448963764395103e-09
5410.0,3.5901874806398837e-09
5415.0,3.6690430693653298e-09
5420.0,3.697378625489023e-09
5425.0,3.676295712295996e-09
5430.0,3.653564117911401e-09
5435.0,3.701658535248953e-09
5440.0,3.7668108632260555e-09
5445.0,3.7192464663604596e-09
5450.0,3.6953804460893025e-09
5455.0,3.694611949711657e-09
5460.0,3.703408690824972e-09
5465.0,3.7102372285602314e-09
5470.0,3.700159068031894e-09
5475.0,3.6435925387934276e-09
5480.0,3.627312894494139e-09
5485.0,3.6752367815751086e-09
5490.0,3.704948126070917e-09
5495.0,3.7145813092109847e-09
5500.0,3.701500883579456e-09
5505.0,3.6661618185718226e-09
5510.0,3.655524327683679e-09
5515.0,3.685735272540569e-09
5520.0,3.7090726046073996e-09
5525.0,3.65497387910807e-09
5530.0,3.616193788857913e-09
5535.0,3.6430474192883366e-09
5540.0,3.674056614499932e-09
5545.0,3.7065734925789684e-09
5550.0,3.7409484399120174e-09
5555.0,3.7128402574637676e-09
5560.0,3.659943681455502e-09
5565.0,3.619537780608084e-09
5570.0,3.581271723618329e-09
5575.0,3.6065639363869195e-09
5580.0,3.615859611727501e-09
5585.0,3.524984970582068e-09
5590.0,3.4598346410064096e-09
5595.0,3.4829732431518323e-09
5600.0,3.514709856489162e-09
5605.0,3.591581698714208e-09
5610.0,3.649832436281031e-09
5615.0,3.5781273499679855e-09
5620.0,3.5488350036416705e-09
5625.0,3.5902119055464254e-09
5630.0,3.6252332247244112e-09
5635.0,3.617427024593667e-09
5640.0,3.604464948736563e-09
5645.0,3.6213916310146033e-09
5650.0,3.622989019902434e-09
5655.0,3.556228866941069e-09
5660.0,3.5112708296480832e-09
5665.0,3.5468186165843463e-09
5670.0,3.601684284149087e-09
5675.0,3.618812360883794e-09
5680.0,3.5848870538757183e-09
5685.0,3.5470186787733837e-09
5690.0,3.564276429557367e-09
5695.0,3.5898357619856824e-09
5700.0,3.5624660998934132e-09
5705.0,3.4907357004954065e-09
5710.0,3.4467759757461636e-09
5715.0,3.516602342656938e-09
5720.0,3.609526899595039e-09
5725.0,3.6514984369517833e-09
5730.0,3.6493856825359217e-09
5735.0,3.644275992087387e-09
5740.0,3.636509315896319e-09
5745.0,3.6087670629569857e-09
5750.0,3.5721181568248994e-09
5755.0,3.5464531311646397e-09
5760.0,3.5537197629054162e-09
5765.0,3.5826477340350493e-09
5770.0,3.6075447074068734e-09
5775.0,3.5844722745537183e-09
5780.0,3.528844105815665e-09
5785.0,3.512577340103462e-09
5790.0,3.5426008793137953e-09
5795.0,3.5707636847348567e-09
5800.0,3.591356323440209e-09
5805.0,3.5929637043352614e-09
5810.0,3.5868417125328733e-09
5815.0,3.5979716983547405e-09
5820.0,3.614793575579256e-09
5825.0,3.6227714161896074e-09
5830.0,3.625341138402405e-09
5835.0,3.625162614540045e-09
5840.0,3.6337215458814853e-09
5845.0,3.609876397803191e-09
5850.0,3.5585916435820764e-09
5855.0,3.5016143318244985e-09
5860.0,3.4961817885204027e-09
5865.0,3.5363147965483677e-09
5870.0,3.581144270015102e-09
5875.0,3.590938657538345e-09
5880.0,3.5363412198563537e-09
5885.0,3.385989266746492e-09
5890.0,3.2170086594618397e-09
5895.0,3.2254974247081236e-09
5900.0,3.3815981126394945e-09
5905.0,3.488302313670033e-09
5910.0,3.496607892117254e-09
5915.0,3.487292010717624e-09
5920.0,3.490197686417673e-09
5925.0,3.4754725763974648e-09
5930.0,3.4617178013007788e-09
5935.0,3.481327226495523e-09
5940.0,3.483930921532874e-09
5945.0,3.4555223127341606e-09
5950.0,3.430265183013148e-09
5955.0,3.445933760559683e-09
5960.0,3.4636915557939574e-09
5965.0,3.4674325632977343e-09
5970.0,3.4594549447319878e-09
5975.0,3.432836681582785e-09
5980.0,3.411667837127652e-09
5985.0,3.392946590352608e-09
5990.0,3.4046359065342813e-09
5995.0,3.423145100711622e-09
6000.0,3.4076650390346686e-09
6005.0,3.375868917743219e-09
6010.0,3.3600686677459635e-09
6015.0,3.3399734089556432e-09
6020.0,3.3217240069660647e-09
6025.0,3.343563648172676e-09
6030.0,3.389051483893013e-09
6035.0,3.415960181385458e-09
6040.0,3.4145863914147867e-09
6045.0,3.419268201909631e-09
6050.0,3.4152329853043284e-09
6055.0,3.405338899753474e-09
6060.0,3.395138614692428e-09
6065.0,3.3974643098844126e-09
6070.0,3.413125559958985e-09
6075.0,3.392431446869182e-09
6080.0,3.350139499147531e-09
6085.0,3.3403344534832513e-09
6090.0,3.33333360913457e-09
6095.0,3.3206886129732993e-09
6100.0,3.29958305123057e-09
6105.0,3.3140359345651405e-09
6110.0,3.3435421098459983e-09
6115.0,3.3264484500250546e-09
6120.0,3.2965610241575405e-09
6125.0,3.3061398063694014e-09
6130.0,3.3018483502900153e-09
6135.0,3.2493976398484392e-09
6140.0,3.243551427445368e-09
6145.0,3.282641714008605e-09
6150.0,3.2946627648300364e-09
6155.0,3.2583504783190165e-09
6160.0,3.1854088256011437e-09
6165.0,3.1617124474081493e-09
6170.0,3.203034282250883e-09
6175.0,3.2658238335869783e-09
6180.0,3.3030922441668054e-09
6185.0,3.29139382415633e-09
6190.0,3.2648042047611625e-09
6195.0,3.287072614099884e-09
6200.0,3.3226672524477863e-09
6205.0,3.329699627130367e-09
6210.0,3.2999045718185016e-09
6215.0,3.263132875019892e-09
6220.0,3.2536500160773585e-09
6225.0,3.2549332118492202e-09
6230.0,3.2278881789693514e-09
6235.0,3.2237257308054268e-09
6240.0,3.2253757442646247e-09
6245.0,3.207050180975557e-09
6250.0,3.1939952904735947e-09
6255.0,3.173308948944964e-09
6260.0,3.190798292251884e-09
6265.0,3.217905275576527e-09
6270.0,3.2359255275338228e-09
6275.0,3.202311527061852e-09
6280.0,3.16927772914255e-09
6285.0,3.211871435482294e-09
6290.0,3.2289446671995847e-09
6295.0,3.1997622329527076e-09
6300.0,3.165528061899181e-09
6305.0,3.1822453561147768e-09
6310.0,3.1887554818865738e-09
6315.0,3.157537564746349e-09
6320.0,3.1633740071868033e-09
6325.0,3.202290432824384e-09
6330.0,3.2099811697605674e-09
6335.0,3.1766962393930953e-09
6340.0,3.1700728708727866e-09
6345.0,3.1943243605780935e-09
6350.0,3.2064177979407305e-09
6355.0,3.180964602833569e-09
6360.0,3.1481517392961678e-09
6365.0,3.1581373072242513e-09
6370.0,3.193914022148192e-09
6375.0,3.2042497544182424e-09
6380.0,3.1942717360067263e-09
6385.0,3.1912383846588455e-09
6390.0,3.1781322018531455e-09
6395.0,3.1475935191593862e-09
6400.0,3.1338920347678823e-09
6405.0,3.129489112296824e-09
6410.0,3.117264668617281e-09
6415.0,3.1187121773967874e-09
6420.0,3.123653335990184e-09
6425.0,3.144558835543876e-09
6430.0,3.1463569527545587e-09
6435.0,3.1378926124148165e-09
6440.0,3.1429923108561297e-09
6445.0,3.1513394116444715e-09
6450.0,3.128990400114162e-09
6455.0,3.1124098853752002e-09
6460.0,3.0969060649255198e-09
6465.0,3.0979370180261867e-09
6470.0,3.111050528303849e-09
6475.0,3.115701030509399e-09
6480.0,3.116545466141929e-09
6485.0,3.108853396938116e-09
6490.0,3.056725095262891e-09
6495.0,2.9963256320542087e-09
6500.0,3.045221852460145e-09
6505.0,3.1125713118029807e-09
6510.0,3.1349483009535106e-09
6515.0,3.1102909137104007e-09
6520.0,3.097589074130269e-09
6525.0,3.102290424550347e-09
6530.0,3.1043376758077557e-09
6535.0,3.099805079287421e-09
6540.0,3.083491018074369e-09
6545.0,3.0513338522553113e-09
6550.0,2.9836138004668555e-09
6555.0,2.8079973901640187e-09
6560.0,2.5559219185566917e-09
6565.0,2.602456916633855e-09
6570.0,2.838372648028553e-09
6575.0,2.9796740630416707e-09
6580.0,3.0358253688689274e-09
6585.0,3.038343576733382e-09
6590.0,3.020336425407777e-09
6595.0,3.0207252255110006e-09
6600.0,3.0476194901041254e-09
6605.0,3.040564910961052e-09
6610.0,3.0409674778297813e-09
6615.0,3.0557372188155796e-09
6620.0,3.0617055557513595e-09
6625.0,3.0445921339605775e-09
6630.0,3.0115951954456932e-09
6635.0,2.9983129312682877e-09
6640.0,3.007288862377777e-09
6645.0,3.013014504560374e-09
6650.0,3.024825945274756e-09
6655.0,3.0240017157012744e-09
6660.0,3.0054396749079615e-09
6665.0,2.9959288383452076e-09
6670.0,3.0006301887652853e-09
6675.0,2.9839575255152795e-09
6680.0,2.9797204703641e-09
6685.0,2.9962645697878543e-09
6690.0,2.999300807715599e-09
6695.0,2.9855304894965684e-09
6700.0,2.976765056672548e-09
6705.0,2.975216073508591e-09
6710.0,2.9689284364309287e-09
6715.0,2.945464538939291e-09
6720.0,2.939523069400707e-09
6725.0,2.9528781642085278e-09
6730.0,2.961230149978178e-09
6735.0,2.964449574704986e-09
6740.0,2.960971690058045e-09
6745.0,2.9529059197841434e-09
6750.0,2.9451581173844943e-09
6755.0,2.949320121459209e-09
6760.0,2.952481148454922e-09
6765.0,2.940461651945725e-09
6770.0,2.928810083346889e-09
6775.0,2.937295517924099e-09
6780.0,2.942970089847563e-09
6785.0,2.941895393959726e-09
6790.0,2.9411242330468212e-09
6795.0,2.9324240813366487e-09
6800.0,2.9285747160656683e-09
6805.0,2.921372255215715e-09
6810.0,2.9235034393337855e-09
6815.0,2.9269151546884586e-09
6820.0,2.9245466048877233e-09
6825.0,2.9228603981579226e-09
6830.0,2.9138658153016195e-09
6835.0,2.8982114486098e-09
6840.0,2.882992955477448e-09
6845.0,2.8788560424430898e-09
6850.0,2.8829585385636847e-09
6855.0,2.879078087048015e-09
6860.0,2.876286986364107e-09
6865.0,2.8810434038462063e-09
6870.0,2.8802018547935404e-09
6875.0,2.8827404907616483e-09
6880.0,2.881562544132521e-09
6885.0,2.874007254405342e-09
6890.0,2.8727236145442703e-09
6895.0,2.8736888424418794e-09
6900.0,2.8744555624626855e-09
6905.0,2.874806392938467e-09
6910.0,2.8714013389219417e-09
6915.0,2.8626463421943527e-09
6920.0,2.859040559854975e-09
6925.0,2.861783254815009e-09
6930.0,2.8631741422202595e-09
6935.0,2.8649034256034156e-09
6940.0,2.8605822155469696e-09
6945.0,2.8540034779922507e-09
6950.0,2.85387269371995e-09
6955.0,2.854885217118408e-09
6960.0,2.858087100321427e-09
6965.0,2.8634368209878858e-09
6970.0,2.8612314739717704e-09
6975.0,2.8367126425621336e-09
6980.0,2.828216549843887e-09
6985.0,2.8446218713895632e-09
6990.0,2.844154245451591e-09
6995.0,2.8345035207877345e-09
7000.0,2.8109952143751116e-09
7005.0,2.7928015455813693e-09
7010.0,2.7956081893876217e-09
7015.0,2.7819690995301016e-09
7020.0,2.7825912685131016e-09
7025.0,2.7836992710916775e-09
7030.0,2.7967932414441066e-09
7035.0,2.794227516034198e-09
7040.0,2.8082758340985947e-09
7045.0,2.831687995197285e-09
7050.0,2.8233853033299283e-09
7055.0,2.804465992767291e-09
7060.0,2.79580603113061e-09
7065.0,2.791869624374499e-09
7070.0,2.7989903728098398e-09
7075.0,2.8081128533585797e-09
7080.0,2.7975894933973677e-09
7085.0,2.773971496949912e-09
7090.0,2.7725692852698103e-09
7095.0,2.7891524645440313e-09
7100.0,2.803124843353544e-09
7105.0,2.7999829121938546e-09
7110.0,2.7834354821010265e-09
7115.0,2.7755038267684995e-09
7120.0,2.7776934086176652e-09
7125.0,2.772282625684852e-09
7130.0,2.7722393269868917e-09
7135.0,2.7905968646990686e-09
7140.0,2.8023001696908523e-09
7145.0,2.7723050521899495e-09
7150.0,2.7545539182938228e-09
7155.0,2.7737969698904408e-09
7160.0,2.7619331266492964e-09
7165.0,2.7126945134625657e-09
7170.0,2.69085376203293e-09
7175.0,2.6654840556972204e-09
7180.0,2.6310877920820985e-09
7185.0,2.564794376880286e-09
7190.0,2.540335941603189e-09
7195.0,2.5650619406292208e-09
7200.0,2.591326708767383e-09
7205.0,2.6167739086702113e-09
7210.0,2.671702192813541e-09
7215.0,2.71902012016767e-09
7220.0,2.724988235058845e-09
7225.0,2.7212394559938957e-09
7230.0,2.702600143678069e-09
7235.0,2.660452746994224e-09
7240.0,2.650344166355012e-09
7245.0,2.659390041515053e-09
7250.0,2.6682238640773903e-09
7255.0,2.6583633072618795e-09
7260.0,2.6590778468005283e-09
7265.0,2.658512965325599e-09
7270.0,2.653409492126002e-09
7275.0,2.6201674163672806e-09
7280.0,2.6087381144179744e-09
7285.0,2.5935915637376183e-09
7290.0,2.5640705114682305e-09
7295.0,2.5952289206543355e-09
7300.0,2.630583084695104e-09
7305.0,2.6099138406010525e-09
7310.0,2.603470772299943e-09
7315.0,2.6314934675752966e-09
7320.0,2.645131003120582e-09
7325.0,2.6333006886147814e-09
7330.0,2.6259816543472425e-09
7335.0,2.64635180435846e-09
7340.0,2.6694884081024384e-09
7345.0,2.6600106561858183e-09
7350.0,2.6314173062758073e-09
7355.0,2.6127364716188595e-09
7360.0,2.6163948785296043e-09
7365.0,2.620459627067362e-09
7370.0,2.6290976062881555e-09
7375.0,2.632184692430428e-09
7380.0,2.616514116482449e-09
7385.0,2.5645092716075624e-09
7390.0,2.537910104294383e-09
7395.0,2.5630317868063912e-09
7400.0,2.5807760373197652e-09
7405.0,2.5738500220029437e-09
7410.0,2.5445423545988888e-09
7415.0,2.5352879795548233e-09
7420.0,2.549576993970959e-09
7425.0,2.5842190609637328e-09
7430.0,2.6156359300699705e-09
7435.0,2.6235553729492267e-09
7440.0,2.601125093093515e-09
7445.0,2.5756876631533032e-09
7450.0,2.5877746612223973e-09
7455.0,2.6061379720943023e-09
7460.0,2.6038446954146366e-09
7465.0,2.610161642380149e-09
7470.0,2.6200461800129915e-09
7475.0,2.608706584084075e-09
7480.0,2.595235804037088e-09
7485.0,2.5888291510511863e-09
7490.0,2.572406732070931e-09
7495.0,2.552056121984947e-09
7500.0,2.556370670703245e-09
7505.0,2.5509014900393367e-09
7510.0,2.531971743380268e-09
7515.0,2.5483186671948488e-09
7520.0,2.5595781050213873e-09
7525.0,2.5448922968962506e-09
7530.0,2.5387980606694782e-09
7535.0,2.555548217486603e-09
7540.0,2.5702255879167524e-09
7545.0,2.5649684598505473e-09
7550.0,2.553738331911859e-09
7555.0,2.5439266249094317e-09
7560.0,2.5397959291240113e-09
7565.0,2.5393300795428786e-09
7570.0,2.5336754916338577e-09
7575.0,2.5320436858322637e-09
7580.0,2.5284576654627244e-09
7585.0,2.5263906522354773e-09
7590.0,2.5387887347960714e-09
7595.0,2.5510151768770584e-09
7600.0,2.549567890142157e-09
7605.0,2.5338535714070076e-09
7610.0,2.5136572823214465e-09
7615.0,2.501871154692026e-09
7620.0,2.5054467389651336e-09
7625.0,2.5140243220533876e-09
7630.0,2.5169240025491035e-09
7635.0,2.520076813894434e-09
7640.0,2.519078723395296e-09
7645.0,2.5135686865240814e-09
7650.0,2.505659013607442e-09
7655.0,2.49156628662206e-09
7660.0,2.4759418959519053e-09
7665.0,2.4726627412263724e-09
7670.0,2.4847255364335297e-09
7675.0,2.4950101984444473e-09
7680.0,2.4927622188641863e-09
7685.0,2.4861857017555167e-09
7690.0,2.481149730115817e-09
7695.0,2.4745439031192973e-09
7700.0,2.476408189622248e-09
7705.0,2.4810409282594037e-09
7710.0,2.4773991746940283e-09
7715.0,2.4683091126576073e-09
7720.0,2.464984438788065e-09
7725.0,2.459780379382437e-09
7730.0,2.4590798286538984e-09
7735.0,2.46939668713253e-09
7740.0,2.4597581749219444e-09
7745.0,2.4255282227159114e-09
7750.0,2.4137170040461342e-09
7755.0,2.4403870035882846e-09
7760.0,2.4586204183663085e-09
7765.0,2.4622448524525e-09
7770.0,2.4470283577215923e-09
7775.0,2.4246662455595924e-09
7780.0,2.4150728084038064e-09
7785.0,2.4227080341887586e-09
7790.0,2.428997225578655e-09
7795.0,2.4263149267511608e-09
7800.0,2.418936828618712e-09
7805.0,2.4171755708124465e-09
7810.0,2.4180224489356306e-09
7815.0,2.431556511695021e-09
7820.0,2.4378761231957924e-09
7825.0,2.43253750475958e-09
7830.0,2.4056392433635665e-09
7835.0,2.3878590216241946e-09
7840.0,2.4015007760169738e-09
7845.0,2.409499488820188e-09
7850.0,2.4071431514727237e-09
7855.0,2.4097031037229044e-09
7860.0,2.4137214449382327e-09
7865.0,2.4099493511897663e-09
7870.0,2.403019339070056e-09
7875.0,2.3969131124346177e-09
7880.0,2.39056796580428e-09
7885.0,2.404083376816857e-09
7890.0,2.399861864788022e-09
7895.0,2.3793627068613432e-09
7900.0,2.370315277389068e-09
7905.0,2.3759976208737044e-09
7910.0,2.3754047617785545e-09
7915.0,2.3626787193364862e-09
7920.0,2.346348004778065e-09
7925.0,2.339156646158358e-09
7930.0,2.326535630814419e-09
7935.0,2.310968971741545e-09
7940.0,2.3047179720236954e-09
7945.0,2.297175338838997e-09
7950.0,2.3152360029143892e-09
7955.0,2.3356769851545778e-09
7960.0,2.3415269723159327e-09
7965.0,2.3492074952002895e-09
7970.0,2.35539632242876e-09
7975.0,2.356882911058733e-09
7980.0,2.3558091033493156e-09
7985.0,2.355497352724001e-09
7990.0,2.346714600420796e-09
7995.0,2.317680269925404e-09
8000.0,2.295955425779539e-09
8005.0,2.3079496092037743e-09
8010.0,2.319726855048998e-09
8015.0,2.327235293364538e-09
8020.0,2.322478653837834e-09
8025.0,2.297930290495742e-09
8030.0,2.2866006865740474e-09
8035.0,2.2998780657701445e-09
8040.0,2.3029047557798776e-09
8045.0,2.278231603369818e-09
8050.0,2.2707684621536828e-09
8055.0,2.294184620055262e-09
8060.0,2.3127739723349805e-09
8065.0,2.305033719451899e-09
8070.0,2.292679379678475e-09
8075.0,2.2899384610752804e-09
8080.0,2.2906132546296476e-09
8085.0,2.27877405833965e-09
8090.0,2.268407461869515e-09
8095.0,2.253160324983128e-09
8100.0,2.2533777066513494e-09
8105.0,2.2711190705848594e-09
8110.0,2.2818762435150575e-09
8115.0,2.274793020617949e-09
8120.0,2.2711281744136613e-09
8125.0,2.2751731609815806e-09
8130.0,2.267953602697048e-09
8135.0,2.254910036469937e-09
8140.0,2.239464169662142e-09
8145.0,2.2200277172146343e-09
8150.0,2.2065218541200693e-09
8155.0,2.2029851276528234e-09
8160.0,2.1933825866682355e-09
8165.0,2.172906077291259e-09
8170.0,2.167126922358875e-09
8175.0,2.1675916617169833e-09
8180.0,2.1591084475858224e-09
8185.0,2.1499497737664797e-09
8190.0,2.143095478857049e-09
8195.0,2.114412422926648e-09
8200.0,2.1241666203764e-09
8205.0,2.1819297479908073e-09
8210.0,2.211053784506589e-09
8215.0,2.2001653832148804e-09
8220.0,2.1573316466572123e-09
8225.0,2.1146251416581663e-09
8230.0,2.0870150052587633e-09
8235.0,2.1296433505568757e-09
8240.0,2.1774857472678377e-09
8245.0,2.193837778108332e-09
8250.0,2.1931574334388415e-09
8255.0,2.1811168426921768e-09
8260.0,2.1888419965421235e-09
8265.0,2.205960081269609e-09
8270.0,2.1999249089077466e-09
8275.0,2.167456436552584e-09
8280.0,2.149191047351451e-09
8285.0,2.1494088731088823e-09
8290.0,2.1446839859606825e-09
8295.0,2.144354249722369e-09
8300.0,2.1459904964160614e-09
8305.0,2.14150808197644e-09
8310.0,2.1385138104790258e-09
8315.0,2.1360095914246813e-09
8320.0,2.1312815956520126e-09
8325.0,2.12425543821837e-09
8330.0,2.105527530105178e-09
8335.0,2.0929047384043997e-09
8340.0,2.093415885084937e-09
8345.0,2.1070447608906306e-09
8350.0,2.13299200524375e-09
8355.0,2.149925348859938e-09
8360.0,2.144843191942414e-09
8365.0,2.137029886384312e-09
8370.0,2.134831200706344e-09
8375.0,2.135066123898355e-09
8380.0,2.1280837092518823e-09
8385.0,2.106173457860905e-09
8390.0,2.1025612362279844e-09
8395.0,2.123271558573947e-09
8400.0,2.1346260314913934e-09
8405.0,2.1286283846677634e-09
8410.0,2.1224073609715788e-09
8415.0,2.1175781128590643e-09
8420.0,2.1111981052257534e-09
8425.0,2.1079391565592687e-09
8430.0,2.1065531541353266e-09
8435.0,2.093700324223846e-09
8440.0,2.0902395370114846e-09
8445.0,2.0944013190415944e-09
8450.0,2.1063906174845215e-09
8455.0,2.1216566281623273e-09
8460.0,2.1225086133114246e-09
8465.0,2.1024846308392853e-09
8470.0,2.0865886796173072e-09
8475.0,2.0959289859234786e-09
8480.0,2.104156404669766e-09
8485.0,2.1058161880915804e-09
8490.0,2.0724386651238547e-09
8495.0,1.9652957039539842e-09
8500.0,1.9027563968876393e-09
8505.0,1.981444341936367e-09
8510.0,2.0425037217108866e-09
8515.0,2.0376520470932746e-09
8520.0,2.0373229769887757e-09
8525.0,2.0298449587841105e-09
8530.0,2.0069792494581407e-09
8535.0,1.9129884343271897e-09
8540.0,1.7255653572689766e-09
8545.0,1.6727078611111779e-09
8550.0,1.7847390232361704e-09
8555.0,1.9061121570018713e-09
8560.0,1.9813632956555693e-09
8565.0,2.013289535085505e-09
8570.0,2.013603506156869e-09
8575.0,2.0075965334598322e-09
8580.0,1.9984853771859434e-09
8585.0,1.9929946581953573e-09
8590.0,1.9907036019617408e-09
8595.0,1.985336561816098e-09
8600.0,1.9864341282982423e-09
8605.0,1.994411080730174e-09
8610.0,1.98823335573195e-09
8615.0,1.977727537294527e-09
8620.0,1.982960906588005e-09
8625.0,1.9921315708160137e-09
8630.0,2.0038202208638722e-09
8635.0,2.0099122366445954e-09
8640.0,2.0033923409101817e-09
8645.0,1.986177666779554e-09
8650.0,1.9646315685406535e-09
8655.0,1.9002199813655807e-09
8660.0,1.7603855040349004e-09
8665.0,1.6877202968501592e-09
8670.0,1.7586162526228577e-09
8675.0,1.8616892472067548e-09
8680.0,1.925368531274785e-09
8685.0,1.9273487250615062e-09
8690.0,1.9225552261303847e-09
8695.0,1.960344775397971e-09
8700.0,1.995246634578507e-09
8705.0,1.9982422383435505e-09
8710.0,1.983677666572703e-09
8715.0,1.9819188512570918e-09
8720.0,1.991923070931989e-09
8725.0,1.9882810953220087e-09
8730.0,1.975997143688346e-09
8735.0,1.962829010437872e-09
8740.0,1.9606236634217566e-09
8745.0,1.9624959435304845e-09
8750.0,1.9533610284838687e-09
8755.0,1.950288597285521e-09
8760.0,1.963336160315521e-09
8765.0,1.9692496522338843e-09
8770.0,1.9656212213448043e-09
8775.0,1.9645518545274854e-09
8780.0,1.968877283431425e-09
8785.0,1.9610006951609193e-09
8790.0,1.9418577856811226e-09
8795.0,1.936205418218151e-09
8800.0,1.9261268136006038e-09
8805.0,1.8875088159120423e-09
8810.0,1.8888981490050583e-09
8815.0,1.929763460140066e-09
8820.0,1.941999006049855e-09
8825.0,1.9352197622168887e-09
8830.0,1.941178773279262e-09
8835.0,1.92898097495231e-09
8840.0,1.918730285765946e-09
8845.0,1.9291463981829793e-09
8850.0,1.9370511861183104e-09
8855.0,1.9311692245338463e-09
8860.0,1.9069941181726335e-09
8865.0,1.8840482507442857e-09
8870.0,1.889636669361039e-09
8875.0,1.909993496695961e-09
8880.0,1.9222150537956395e-09
8885.0,1.9305324006069213e-09
8890.0,1.9297146103269824e-09
8895.0,1.920560821488948e-09
8900.0,1.9228036940432958e-09
8905.0,1.931229620666386e-09
8910.0,1.926653725448091e-09
8915.0,1.921475645261239e-09
8920.0,1.908781355197675e-09
8925.0,1.893167178579347e-09
8930.0,1.8911094912255066e-09
8935.0,1.906726332379094e-09
8940.0,1.9066441758752717e-09
8945.0,1.888733613952809e-09
8950.0,1.8808976598450045e-09
8955.0,1.8880592644876515e-09
8960.0,1.8849586336244784e-09
8965.0,1.871421462240619e-09
8970.0,1.8649726207797812e-09
8975.0,1.8671093560129748e-09
8980.0,1.8761667774924717e-09
8985.0,1.8502798182495894e-09
8990.0,1.827147988464617e-09
8995.0,1.8693846470796416e-09
9000.0,1.8499038967334513e-09
9005.0,1.830262053026388e-09
9010.0,1.833519891469848e-09
9015.0,1.8250304600897493e-09
9020.0,1.8366457243956802e-09
9025.0,1.8494363818177817e-09
9030.0,1.8842427618182e-09
9035.0,1.9087158520392222e-09
9040.0,1.9058270517291476e-09
9045.0,1.902789703578378e-09
9050.0,1.9000139239722103e-09
9055.0,1.8897203801770956e-09
9060.0,1.8602944740209182e-09
9065.0,1.8439223481436784e-09
9070.0,1.8430826864701544e-09
9075.0,1.8389572087329498e-09
9080.0,1.818873607284388e-09
9085.0,1.806330751641383e-09
9090.0,1.7941975682944644e-09
9095.0,1.7891877979181459e-09
9100.0,1.8061141471292785e-09
9105.0,1.824982609477388e-09
9110.0,1.83380266527422e-09
9115.0,1.8264112444654756e-09
9120.0,1.829065676695052e-09
9125.0,1.8381337563155853e-09
9130.0,1.818796779851084e-09
9135.0,1.8077738195287907e-09
9140.0,1.8271943957870462e-09
9145.0,1.8234138643435926e-09
9150.0,1.7970013255208528e-09
9155.0,1.7854899780900269e-09
9160.0,1.818587724855547e-09
9165.0,1.8319193939575484e-09
9170.0,1.806108262947248e-09
9175.0,1.7898074133881892e-09
9180.0,1.8050543282299714e-09
9185.0,1.825347206718675e-09
9190.0,1.8245204236322365e-09
9195.0,1.8187690242754684e-09
9200.0,1.8277357405338535e-09
9205.0,1.8211668839640538e-09
9210.0,1.7971171217823212e-09
9215.0,1.7804404617294267e-09
9220.0,1.795069537458005e-09
9225.0,1.8235413179468196e-09
9230.0,1.8164295623179783e-09
9235.0,1.791219284008605e-09
9240.0,1.7836547794303215e-09
9245.0,1.7912968885980263e-09
9250.0,1.7895477322227293e-09
9255.0,1.773519220371611e-09
9260.0,1.7779067107426272e-09
9265.0,1.815125605375556e-09
9270.0,1.8343994101499561e-09
9275.0,1.8335871709851403e-09
9280.0,1.827406781451657e-09
9285.0,1.8245905897273929e-09
9290.0,1.8199188822620727e-09
9295.0,1.8025404502353126e-09
9300.0,1.7935272156321957e-09
9305.0,1.770178559290514e-09
9310.0,1.7554633302552247e-09
9315.0,1.7217786085765852e-09
9320.0,1.6872682140345319e-09
9325.0,1.6840698835451917e-09
9330.0,1.689810735783226e-09
9335.0,1.6501507937860538e-09
9340.0,1.6161815219462028e-09
9345.0,1.612533662154192e-09
9350.0,1.6713637140952642e-09
9355.0,1.6427239568628238e-09
9360.0,1.6594232654654206e-09
9365.0,1.6892798271328502e-09
9370.0,1.679277050747885e-09
9375.0,1.688713058278779e-09
9380.0,1.7055651335695643e-09
9385.0,1.7563572818346529e-09
9390.0,1.8198651474676808e-09
9395.0,1.859425724504149e-09
9400.0,1.8309719296283333e-09
9405.0,1.7933754481447295e-09
9410.0,1.7459249601614601e-09
9415.0,1.7308933175641528e-09
9420.0,1.7262402618456463e-09
9425.0,1.6951277048704583e-09
9430.0,1.6804119207236567e-09
9435.0,1.6865621121908703e-09
9440.0,1.6238584921168808e-09
9445.0,1.663921000982782e-09
9450.0,1.7167878230139877e-09
9455.0,1.6767542909690292e-09
9460.0,1.6583285855631402e-09
9465.0,1.7122065987251744e-09
9470.0,1.7297171472918649e-09
9475.0,1.7107394389981323e-09
9480.0,1.6935270963358562e-09
9485.0,1.7232677507195149e-09
9490.0,1.7418393394308396e-09
9495.0,1.6720083095833616e-09
9500.0,1.6347712072928289e-09
9505.0,1.7142263164515725e-09
9510.0,1.7525719764321934e-09
9515.0,1.7029397891832332e-09
9520.0,1.646877412220249e-09
9525.0,1.6653584067327643e-09
9530.0,1.6941402725123567e-09
9535.0,1.7222180348497318e-09
9540.0,1.721466746928968e-09
9545.0,1.6790819845624583e-09
9550.0,1.6714580830523573e-09
9555.0,1.6608739938916983e-09
9560.0,1.6641161781905112e-09
9565.0,1.6539505320878334e-09
9570.0,1.6603858288277706e-09
9575.0,1.688664097443393e-09
9580.0,1.6656518386781727e-09
9585.0,1.6499124289026668e-09
9590.0,1.6353949305880633e-09
9595.0,1.6503883815133236e-09
9600.0,1.6706326322335485e-09
9605.0,1.6627784704681403e-09
9610.0,1.6609582598192674e-09
9615.0,1.6523847845562045e-09
9620.0,1.638576829776639e-09
9625.0,1.6268065783364705e-09
9630.0,1.621445866462068e-09
9635.0,1.600166554815985e-09
9640.0,1.5933435681958485e-09
9645.0,1.5904683126066743e-09
9650.0,1.5907383188462632e-09
9655.0,1.5932225538861644e-09
9660.0,1.5997806412926252e-09
9665.0,1.6057369878197392e-09
9670.0,1.6322171392246787e-09
9675.0,1.6614368769651833e-09
9680.0,1.6728076701610917e-09
9685.0,1.6836577687584509e-09
9690.0,1.688209905204019e-09
9695.0,1.6929067037096956e-09
9700.0,1.6776959821385162e-09
9705.0,1.668572724433659e-09
9710.0,1.6786276813007817e-09
9715.0,1.6839709626736976e-09
9720.0,1.6747389031124271e-09
9725.0,1.6644720046699035e-09
9730.0,1.6581493955669657e-09
9735.0,1.6309763539723576e-09
9740.0,1.602043941950626e-09
9745.0,1.5915367912455736e-09
9750.0,1.5810291964513112e-09
9755.0,1.5589167734475495e-09
9760.0,1.5494241445423995e-09
9765.0,1.560763740471316e-09
9770.0,1.5711414391716971e-09
9775.0,1.5697545485693354e-09
9780.0,1.5830972088792805e-09
9785.0,1.5879463299839358e-09
9790.0,1.5696612898352669e-09
9795.0,1.559177342791429e-09
9800.0,1.565819252036249e-09
9805.0,1.5764805016971195e-09
9810.0,1.5881105319692779e-09
9815.0,1.5811091325090842e-09
9820.0,1.6008123715494094e-09
9825.0,1.5919779938755596e-09
9830.0,1.598314924855515e-09
9835.0,1.6034034100442796e-09
9840.0,1.6048962159231905e-09
9845.0,1.5769786587682688e-09
9850.0,1.5884510373709304e-09
9855.0,1.5897649863205743e-09
9860.0,1.5658393470729948e-09
9865.0,1.562802887100645e-09
9870.0,1.5612600101633234e-09
9875.0,1.5664322061681446e-09
9880.0,1.5756679294653964e-09
9885.0,1.5659296082048968e-09
9890.0,1.5729252345053624e-09
9895.0,1.5704634259705585e-09
9900.0,1.5680706733078864e-09
9905.0,1.581271114048377e-09
9910.0,1.564095519768216e-09
9915.0,1.5366683481232712e-09
9920.0,1.5638421668739966e-09
9925.0,1.555880868586712e-09
9930.0,1.5430005051442208e-09
9935.0,1.5443573087026152e-09
9940.0,1.5732356528630476e-09
9945.0,1.573093877382803e-09
9950.0,1.5633380145985143e-09
9955.0,1.5671729469701745e-09
9960.0,1.5622602100862082e-09
9965.0,1.5623387028540492e-09
9970.0,1.552951878203146e-09
9975.0,1.556009543435266e-09
9980.0,1.5612953152555065e-09
9985.0,1.5419777676939361e-09
9990.0,1.5542743758700794e-09
9995.0,1.5577972245495175e-09
10000.0,1.5367129790888612e-09
10005.0,1.5470813519158355e-09
10010.0,1.5325828384149531e-09
10015.0,1.529730675464691e-09
10020.0,1.562896256857016e-09
10025.0,1.5448525791939005e-09
10030.0,1.54238821714614e-09
10035.0,1.522274750698216e-09
10040.0,1.5025423127923432e-09
10045.0,1.4820650262592494e-09
10050.0,1.4553264149341771e-09
10055.0,1.4741471376922277e-09
10060.0,1.4969142592136109e-09
10065.0,1.487825640467122e-09
10070.0,1.4907732825975017e-09
10075.0,1.5219795423959681e-09
10080.0,1.5215286808256678e-09
10085.0,1.506736513334772e-09
10090.0,1.4967206363181162e-09
10095.0,1.481097577915591e-09
10100.0,1.4956247351705088e-09
10105.0,1.5059692382024537e-09
10110.0,1.5130158237397495e-09
10115.0,1.5048757795455003e-09
10120.0,1.4991060615088259e-09
10125.0,1.4764309774761841e-09
10130.0,1.4827652439208805e-09
10135.0,1.4825847216570764e-09
10140.0,1.4683908533541512e-09
10145.0,1.4845307205746394e-09
10150.0,1.4964627315094958e-09
10155.0,1.4929465441682055e-09
10160.0,1.4904338874188738e-09
10165.0,1.5000635178452626e-09
10170.0,1.4938622561189163e-09
10175.0,1.4611527543451075e-09
10180.0,1.4664066627645411e-09
10185.0,1.4726430075384656e-09
10190.0,1.4816156079788811e-09
10195.0,1.4901155864777138e-09
10200.0,1.4926055946773431e-09
10205.0,1.4860167540931002e-09
10210.0,1.4736671882786823e-09
10215.0,1.4613316112743746e-09
10220.0,1.4547643090168094e-09
10225.0,1.457180931474511e-09
10230.0,1.4651384550035118e-09
10235.0,1.4726363462003178e-09
10240.0,1.4736762921074842e-09
10245.0,1.4648458002142206e-09
10250.0,1.449419251287054e-09
10255.0,1.4332545150708143e-09
10260.0,1.4222494293392174e-09
10265.0,1.4202118370221228e-09
10270.0,1.4254727398466116e-09
10275.0,1.4342663723354576e-09
10280.0,1.442724051337052e-09
10285.0,1.4479805132694423e-09
10290.0,1.449810715925537e-09
10295.0,1.4489881516865921e-09
10300.0,1.4463866770952905e-09
10305.0,1.4425793892769434e-09
10310.0,1.4374319512455713e-09
10315.0,1.4305386875079762e-09
10320.0,1.4215305599307726e-09
10325.0,1.4106513734901682e-09
10330.0,1.3997490944106517e-09
10335.0,1.391306736486797e-09
10340.0,1.3877216042956775e-09
10345.0,1.3901483297829031e-09
10350.0,1.3964722711534705e-09
10355.0,1.4033131323643033e-09
10360.0,1.407327476776743e-09
10365.0,1.406826988237242e-09
10370.0,1.4043735063751228e-09
10375.0,1.4041813267695602e-09
10380.0,1.4103782586261104e-09
10385.0,1.4247917290433065e-09
10390.0,1.4431965622563325e-09
10395.0,1.4590576524753374e-09
10400.0,1.4658836366976402e-09
10405.0,1.4600382014506863e-09
10410.0,1.4453147567650149e-09
10415.0,1.4283483285026932e-09
10420.0,1.4157959249416763e-09
10425.0,1.411651573413053e-09
10430.0,1.412959527158364e-09
10435.0,1.4141168236392332e-09
10440.0,1.4095081768417117e-09
10445.0,1.3962216938168126e-09
10450.0,1.3783673091793958e-09
10455.0,1.3627656780812458e-09
10460.0,1.3561831657682433e-09
10465.0,1.362406853999687e-09
10470.0,1.3773936435867995e-09
10475.0,1.3941026111297106e-09
10480.0,1.4054647445860269e-09
10485.0,1.407014726950706e-09
10490.0,1.4010775872819181e-09
10495.0,1.3925953723514795e-09
10500.0,1.3866044978882996e-09
10505.0,1.386345815923562e-09
10510.0,1.3904621898319647e-09
10515.0,1.3958150191228924e-09
10520.0,1.3992159653142267e-09
10525.0,1.3986494185047604e-09
10530.0,1.395164650475067e-09
10535.0,1.3909997598204882e-09
10540.0,1.388409942570945e-09
10545.0,1.3886328753542898e-09
10550.0,1.3903141971027821e-09
10555.0,1.3910829155250326e-09
10560.0,1.388561154946899e-09
10565.0,1.3814308585935464e-09
10570.0,1.3710502733133012e-09
10575.0,1.3598260295566433e-09
10580.0,1.3501774143165335e-09
10585.0,1.3436974866110063e-09
10590.0,1.3397738474196785e-09
10595.0,1.336974864152296e-09
10600.0,1.3338092852421823e-09
10605.0,1.3292185130353573e-09
10610.0,1.3232269724383627e-09
10615.0,1.3162725354121108e-09
10620.0,9.824868696384215e-10
